{
  "IsEncrypted": false,
  "Values": {
    "AzureWebJobsStorage": "UseDevelopmentStorage=true",
    "FUNCTIONS_WORKER_RUNTIME": "python",
    "PYTHON_ENABLE_WORKER_EXTENSIONS": "1",

    "SF_CLIENT_ID": "3MVG9JEx.BE6yifNk5USP3ASdT_LZ4L6eB_b0FonxbMtt87E8Otty_Au9XXVlYYvrjKAU7CJuO0aLkaCwD7N1",
    "SF_USERNAME": "pradeep.verma@blueowl.com",
    "SF_LOGIN_URL": "https://login.salesforce.com",
    "SF_AUDIENCE": "https://login.salesforce.com",
    "SF_PRIVATE_KEY_PATH": "certs/private.key",
    "SF_TOPIC_NAMES": "/event/Account_Delete__e,/event/Activity_Content_Delete__e,/event/Contact_Delete__e,/event/Event_Delete__e,/event/Fund_Delete__e,/event/Investments_Delete__e,/event/Legal_Entity_Delete__e,/event/LP_Consultant_Relationship_Delete__e,/event/Opportunity_Delete__e,/event/Task_Delete__e",

    "SNOWFLAKE_ACCOUNT": "cba42998.east-us-2.azure",
    "SNOWFLAKE_USER": "IC_IBD_SERVICE_SNOWFLAKE",
    "SNOWFLAKE_PRIVATE_KEY_PATH": "certs/rsa_key.p8",
    "SNOWFLAKE_WAREHOUSE": "IC_CRM_WH_XS",
    "SNOWFLAKE_DATABASE": "IC_CRM_DB",
    "SNOWFLAKE_SCHEMA": "IC_CRM",
    "SNOWFLAKE_TABLE": "delete_tracker",

    "MOCK_MODE": "false",
    "MOCK_DATA_DIR": "mock_data"
  }
}

