{
  "IsEncrypted": false,
  "Values": {
    "AzureWebJobsStorage": "UseDevelopmentStorage=true",
    "FUNCTIONS_WORKER_RUNTIME": "python",
    
    "_comment_snowflake": "Snowflake authentication using private key",
    "SNOWFLAKE_ACCOUNT": "your_account",
    "SNOWFLAKE_USER": "your_user",
    "SNOWFLAKE_PRIVATE_KEY_PATH": "/path/to/private_key.pem",
    "SNOWFLAKE_WAREHOUSE": "your_warehouse",
    "SNOWFLAKE_DATABASE": "IC_CRM_DB",
    "SNOWFLAKE_SCHEMA": "IC_CRM",
    
    "_comment_email": "SMTP email configuration",
    "SMTP_HOST": "smtp.yourcompany.com",
    "SMTP_PORT": "587",
    "SMTP_USERNAME": "your_smtp_username",
    "SMTP_PASSWORD": "your_smtp_password",
    "SMTP_USE_TLS": "true",
    "SENDER_EMAIL": "notifications@yourcompany.com",
    "SUBSCRIBER_EMAILS": "email1@example.com,email2@example.com"
  }
}

