{
  "IsEncrypted": false,
  "Values": {
    "AzureWebJobsStorage": "UseDevelopmentStorage=true",
    "FUNCTIONS_WORKER_RUNTIME": "python",
    
    "_comment_snowflake": "Snowflake authentication using private key",
    "SNOWFLAKE_ACCOUNT": "cba42998.east-us-2.azure",
    "SNOWFLAKE_USER": "IC_IBD_SERVICE_SNOWFLAKE",
    "SNOWFLAKE_PRIVATE_KEY_PATH": "certs/private.key",
    "SNOWFLAKE_WAREHOUSE": "IC_CRM_WH_XS",
    "SNOWFLAKE_DATABASE": "IC_CRM_DB",
    "SNOWFLAKE_SCHEMA": "IC_CRM",
    
    "_comment_email": "SMTP email configuration",
    "SMTP_HOST": "smtp-mail.outlook.com",
    "SMTP_PORT": "587",
    "SMTP_USERNAME": "your_smtp_username",
    "SMTP_PASSWORD": "your_smtp_password",
    "SMTP_USE_TLS": "true",
    "SENDER_EMAIL": "pradeep.verma@blueowl.com",
    "SUBSCRIBER_EMAILS": "pradeep.verma@blueowl.com,vishwasrana.salvaji@blueowl.com",
    "logic_app_email_url":"https://sendemailfromdatafactorypipeline.azurewebsites.net:443/api/SendEmail_IC/triggers/manual/invoke?api-version=2022-05-01&sp=%2Ftriggers%2Fmanual%2Frun&sv=1.0&sig=pyGUXPZy2qQuGsD_Erpc47VDAFuQeggQhzyIuKumbPY"
  }
}

